﻿entry,archive,folder,page,area,period,region,province,district,year,quarter,transport,good,description,origin,unit,direction,quantity,station,month
1,praad,adm56/1/498,,district,quarter,nt,southern,kratchi,1922,1,,persons,,,,right to left,7290,,
2,praad,adm56/1/498,,district,quarter,nt,southern,kratchi,1922,1,,persons,,,,left to right,7539,,
3,praad,adm56/1/498,,district,quarter,nt,southern,kratchi,1922,1,,cattle,,,,right to left,10,,
4,praad,adm56/1/498,,district,quarter,nt,southern,kratchi,1922,1,,cattle,,,,left to right,2,,
5,praad,adm56/1/498,,district,quarter,nt,southern,kratchi,1922,1,,sheep and goats,,,,right to left,8,,
6,praad,adm56/1/498,,district,quarter,nt,southern,kratchi,1922,1,,sheep and goats,,,,left to right,300,,
7,praad,adm56/1/498,,district,quarter,nt,southern,kratchi,1922,1,,donkeys,,,,right to left,1,,
8,praad,adm56/1/498,,district,quarter,nt,southern,kratchi,1922,1,,donkeys,,,,left to right,32,,
9,praad,adm56/1/498,,district,quarter,nt,southern,kratchi,1922,1,,kola,,,,right to left,195,,
10,praad,adm56/1/498,,district,quarter,nt,southern,kratchi,1922,1,,salt,,native,bags,right to left,1878,,
11,praad,adm56/1/498,,district,quarter,nt,southern,kratchi,1922,1,,horse,,,,left to right,2,,
12,praad,adm56/1/498,,district,quarter,nt,southern,kratchi,1922,1,,shea butter,,,,left to right,940,,
13,praad,adm56/1/498,,district,quarter,nt,southern,kratchi,1922,1,,other,,,loads,right to left,278,,
14,praad,adm56/1/498,,district,quarter,nt,southern,kratchi,1922,1,,other,,,loads,left to right,1007,,
15,praad,adm56/1/407,32,district,quarter,nt,northern,north mamprusi,1927,1,,horses,,,,,69,,
16,praad,adm56/1/407,32,district,quarter,nt,northern,kusasi,1927,1,,horses,,,,,151,,
17,praad,adm56/1/407,32,district,quarter,nt,northern,wa,1927,1,,horses,,,,,6,,
18,praad,adm56/1/407,32,district,quarter,nt,northern,south mamprusi,1927,1,,cattle,,,,,17,,
19,praad,adm56/1/407,32,district,quarter,nt,northern,north mamprusi,1927,1,,cattle,,,,,136,,
20,praad,adm56/1/407,32,district,quarter,nt,northern,kusasi,1927,1,,cattle,,,,,10295,,
21,praad,adm56/1/407,32,district,quarter,nt,northern,wa,1927,1,,cattle,,,,,357,,
22,praad,adm56/1/407,32,district,quarter,nt,northern,south mamprusi,1927,1,,sheep and goats,,,,,235,,
23,praad,adm56/1/407,32,district,quarter,nt,northern,north mamprusi,1927,1,,sheep and goats,,,,,17036,,
24,praad,adm56/1/407,32,district,quarter,nt,northern,kusasi,1927,1,,sheep and goats,,,,,11541,,
25,praad,adm56/1/407,32,district,quarter,nt,northern,wa,1927,1,,sheep and goats,,,,,3962,,
26,praad,adm56/1/407,32,district,quarter,nt,northern,south mamprusi,1927,1,,donkeys,,,,,3,,
27,praad,adm56/1/407,32,district,quarter,nt,northern,north mamprusi,1927,1,,donkeys,,,,,4292,,
28,praad,adm56/1/407,32,district,quarter,nt,northern,wa,1927,1,,donkeys,,,,,551,,
29,praad,adm56/1/407,32,district,quarter,nt,northern,north mamprusi,1927,1,lorry,kola,,,,north,1014,,
30,praad,adm56/1/407,32,district,quarter,nt,northern,kusasi,1927,1,lorry,kola,,,,north,193,,
31,praad,adm56/1/407,32,district,quarter,nt,northern,wa,1927,1,lorry,kola,,,,north,6,,
32,praad,adm56/1/407,32,district,quarter,nt,northern,north mamprusi,1927,1,lorry,english cloth,,,,north,97,,
33,praad,adm56/1/407,32,district,quarter,nt,northern,kusasi,1927,1,lorry,english cloth,,,,north,142,,
34,praad,adm56/1/407,32,district,quarter,nt,northern,wa,1927,1,lorry,english cloth,,,,north,6,,
35,praad,adm56/1/407,32,district,quarter,nt,northern,north mamprusi,1927,1,lorry,iron rods,,,,north,100,,
36,praad,adm56/1/407,32,district,quarter,nt,northern,north mamprusi,1927,1,lorry,cement,,,barrels,north,4,,
37,praad,adm56/1/407,32,district,quarter,nt,northern,kusasi,1927,1,lorry,salt,,,bags,north,786,,
38,praad,adm56/1/407,32,district,quarter,nt,northern,kusasi,1927,1,lorry,corn,,,,south,4,,
39,praad,adm56/1/407,32,district,quarter,nt,northern,kusasi,1927,1,lorry,groundnuts,,,,south,18,,
40,praad,adm56/1/407,32,district,quarter,nt,northern,north mamprusi,1927,1,headload,kola,,,,north,7800,,
41,praad,adm56/1/407,32,district,quarter,nt,northern,kusasi,1927,1,headload,kola,,,,north,224,,
42,praad,adm56/1/407,32,district,quarter,nt,northern,north mamprusi,1927,1,headload,english cloth,,,,north,74,,
43,praad,adm56/1/407,32,district,quarter,nt,northern,kusasi,1927,1,headload,english cloth,,,,north,1569,,
44,praad,adm56/1/407,32,district,quarter,nt,northern,north mamprusi,1927,1,headload,salt,,,,north,5,,
45,praad,adm56/1/407,32,district,quarter,nt,northern,wa,1927,1,headload,groundnuts,,,,north,133,,
46,praad,adm56/1/407,32,district,quarter,nt,northern,wa,1927,1,headload,tobacco,,,,north,1,,
47,praad,adm56/1/407,32,district,quarter,nt,northern,wa,1927,1,headload,hoes,,,,north,4,,
48,praad,adm56/1/407,32,district,quarter,nt,northern,north mamprusi,1927,1,headload,native cloth,,,,south,1569,,
49,praad,adm56/1/407,32,district,quarter,nt,northern,kusasi,1927,1,headload,native cloth,,,,south,160,,
50,praad,adm56/1/407,32,district,quarter,nt,northern,wa,1927,1,headload,native cloth,,,,south,1201,,
51,praad,adm56/1/407,32,district,quarter,nt,northern,wa,1927,1,headload,shea butter,,,,south,1059,,
52,praad,adm56/1/407,32,district,quarter,nt,northern,north mamprusi,1927,1,headload,dawadawa,,,,south,195,,
53,praad,adm56/1/407,32,district,quarter,nt,northern,wa,1927,1,headload,dawadawa,,,,south,469,,
54,praad,adm56/1/407,32,district,quarter,nt,northern,north mamprusi,1927,1,headload,onions,,,,south,7,,
55,praad,adm56/1/407,32,district,quarter,nt,northern,wa,1927,1,headload,onions,,,,south,22,,
56,praad,adm56/1/407,32,district,quarter,nt,northern,kusasi,1927,1,headload,string and rope,,,,south,3,,
57,praad,adm56/1/407,32,district,quarter,nt,northern,wa,1927,1,headload,string and rope,,,,south,6,,
58,praad,adm56/1/407,32,district,quarter,nt,northern,north mamprusi,1927,1,headload,dried fish,,,,south,61,,
59,praad,adm56/1/407,32,district,quarter,nt,northern,kusasi,1927,1,headload,dried fish,,,,south,40,,
60,praad,adm56/1/407,32,district,quarter,nt,northern,wa,1927,1,headload,dried fish,,,,south,380,,
61,praad,adm56/1/407,32,district,quarter,nt,northern,north mamprusi,1927,1,headload,fowls,,,,south,7,,
62,praad,adm56/1/407,32,district,quarter,nt,northern,kusasi,1927,1,headload,fowls,,,,south,553,,
63,praad,adm56/1/407,32,district,quarter,nt,northern,wa,1927,1,headload,fowls,,,,south,15,,
64,praad,adm56/1/407,32,district,quarter,nt,northern,north mamprusi,1927,1,headload,native hats,,,,south,4,,
65,praad,adm56/1/407,,district,quarter,nt,northern,north mamprusi,1926,4,,horses,,,,,67,,
66,praad,adm56/1/407,,district,quarter,nt,northern,kusasi,1926,4,,horses,,,,,193,,
67,praad,adm56/1/407,,district,quarter,nt,northern,north mamprusi,1926,4,,cattle,,,,,129,,
68,praad,adm56/1/407,,district,quarter,nt,northern,south mamprusi,1926,4,,cattle,,,,,2,,
69,praad,adm56/1/407,,district,quarter,nt,northern,kusasi,1926,4,,cattle,,,,,10887,,
70,praad,adm56/1/407,,district,quarter,nt,northern,wa,1926,4,,cattle,,,,,75,,
71,praad,adm56/1/407,,district,quarter,nt,northern,north mamprusi,1926,4,,sheep and goats,,,,,9494,,
72,praad,adm56/1/407,,district,quarter,nt,northern,south mamprusi,1926,4,,sheep and goats,,,,,288,,
73,praad,adm56/1/407,,district,quarter,nt,northern,kusasi,1926,4,,sheep and goats,,,,,11231,,
74,praad,adm56/1/407,,district,quarter,nt,northern,wa,1926,4,,sheep and goats,,,,,84,,
75,praad,adm56/1/407,,district,quarter,nt,northern,north mamprusi,1926,4,,donkeys,,,,,1983,,
76,praad,adm56/1/407,,district,quarter,nt,northern,wa,1926,4,,donkeys,,,,,38,,
77,praad,adm56/1/407,,district,quarter,nt,northern,north mamprusi,1926,4,,ostrich,,,,,2,,
78,praad,adm56/1/407,,district,quarter,nt,northern,north mamprusi,1926,4,lorry,kola,,,,north,4,,
79,praad,adm56/1/407,,district,quarter,nt,northern,kusasi,1926,4,lorry,kola,,,,north,17,,
80,praad,adm56/1/407,,district,quarter,nt,northern,north mamprusi,1926,4,lorry,english cloth,,,,north,56,,
81,praad,adm56/1/407,,district,quarter,nt,northern,kusasi,1926,4,lorry,english cloth,,,,north,9,,
82,praad,adm56/1/407,,district,quarter,nt,northern,north mamprusi,1926,4,lorry,salt,,,,north,27,,
83,praad,adm56/1/407,,district,quarter,nt,northern,north mamprusi,1926,4,lorry,bicycle,,,,north,1,,
84,praad,adm56/1/407,,district,quarter,nt,northern,north mamprusi,1926,4,headload,kola,,,,north,2840,,
85,praad,adm56/1/407,,district,quarter,nt,northern,kusasi,1926,4,headload,kola,,,,north,222,,
86,praad,adm56/1/407,,district,quarter,nt,northern,north mamprusi,1926,4,headload,english cloth,,,,north,173,,
87,praad,adm56/1/407,,district,quarter,nt,northern,kusasi,1926,4,headload,english cloth,,,,north,280,,
88,praad,adm56/1/407,,district,quarter,nt,northern,kusasi,1926,4,headload,salt,,,,north,1,,
89,praad,adm56/1/407,,district,quarter,nt,northern,north mamprusi,1926,4,headload,beads,,,,north,1,,
90,praad,adm56/1/407,,district,quarter,nt,northern,north mamprusi,1926,4,headload,bicycle,push,,,north,1,,
91,praad,adm56/1/407,,district,quarter,nt,northern,north mamprusi,1926,4,headload,native cloth,,,,south,1205,,
92,praad,adm56/1/407,,district,quarter,nt,northern,kusasi,1926,4,headload,native cloth,,,,south,996,,
93,praad,adm56/1/407,,district,quarter,nt,northern,wa,1926,4,headload,native cloth,,,,south,1335,,
94,praad,adm56/1/407,,district,quarter,nt,northern,north mamprusi,1926,4,headload,shea butter,,,,south,7,,
95,praad,adm56/1/407,,district,quarter,nt,northern,wa,1926,4,headload,shea butter,,,,south,2679,,
96,praad,adm56/1/407,,district,quarter,nt,northern,north mamprusi,1926,4,headload,dawadawa,,,,south,384,,
97,praad,adm56/1/407,,district,quarter,nt,northern,kusasi,1926,4,headload,dawadawa,,,,south,8,,
98,praad,adm56/1/407,,district,quarter,nt,northern,wa,1926,4,headload,dawadawa,,,,south,1152,,
99,praad,adm56/1/407,,district,quarter,nt,northern,wa,1926,4,headload,hides,,,,south,1,,
100,praad,adm56/1/407,,district,quarter,nt,northern,wa,1926,4,headload,string and rope,,,,south,14,,
101,praad,adm56/1/407,,district,quarter,nt,northern,north mamprusi,1926,4,headload,dried fish,,,,south,33,,
102,praad,adm56/1/407,,district,quarter,nt,northern,kusasi,1926,4,headload,dried fish,,,,south,53,,
103,praad,adm56/1/407,,district,quarter,nt,northern,wa,1926,4,headload,dried fish,,,,south,1104,,
104,praad,adm56/1/407,,district,quarter,nt,northern,north mamprusi,1926,4,headload,fowls,,,,south,73,,
105,praad,adm56/1/407,,district,quarter,nt,northern,kusasi,1926,4,headload,fowls,,,,south,2,,
106,praad,adm56/1/407,,district,quarter,nt,northern,wa,1926,4,headload,fowls,,,,south,28,,
107,praad,adm56/1/407,20,district,quarter,nt,northern,kusasi,1926,3,,horses,,,,,34,,
108,praad,adm56/1/407,20,district,quarter,nt,northern,wa,1926,3,,horses,,,,,1,,
109,praad,adm56/1/407,20,district,quarter,nt,northern,north mamprusi,1926,3,,cattle,,,,,2,,
110,praad,adm56/1/407,20,district,quarter,nt,northern,south mamprusi,1926,3,,cattle,,,,,10,,
111,praad,adm56/1/407,20,district,quarter,nt,northern,kusasi,1926,3,,cattle,,,,,7159,,
112,praad,adm56/1/407,20,district,quarter,nt,northern,wa,1926,3,,cattle,,,,,135,,
113,praad,adm56/1/407,20,district,quarter,nt,northern,north mamprusi,1926,3,,sheep and goats,,,,,349,,
114,praad,adm56/1/407,20,district,quarter,nt,northern,south mamprusi,1926,3,,sheep and goats,,,,,122,,
115,praad,adm56/1/407,20,district,quarter,nt,northern,kusasi,1926,3,,sheep and goats,,,,,1981,,
116,praad,adm56/1/407,20,district,quarter,nt,northern,wa,1926,3,,sheep and goats,,,,,261,,
117,praad,adm56/1/407,20,district,quarter,nt,northern,north mamprusi,1926,3,,donkeys,,,,,7,,
118,praad,adm56/1/407,20,district,quarter,nt,northern,north mamprusi,1926,3,headload,kola,,,,north,374,,
119,praad,adm56/1/407,20,district,quarter,nt,northern,south mamprusi,1926,3,headload,kola,,,,north,139,,
120,praad,adm56/1/407,20,district,quarter,nt,northern,kusasi,1926,3,headload,kola,,,,north,127,,
121,praad,adm56/1/407,20,district,quarter,nt,northern,north mamprusi,1926,3,headload,english cloth,,,,north,62,,
122,praad,adm56/1/407,20,district,quarter,nt,northern,south mamprusi,1926,3,headload,english cloth,,,,north,6,,
123,praad,adm56/1/407,20,district,quarter,nt,northern,kusasi,1926,3,headload,english cloth,,,,north,27,,
124,praad,adm56/1/407,20,district,quarter,nt,northern,north mamprusi,1926,3,headload,salt,,,,north,5,,
125,praad,adm56/1/407,20,district,quarter,nt,northern,south mamprusi,1926,3,headload,salt,,,,north,9,,
126,praad,adm56/1/407,20,district,quarter,nt,northern,north mamprusi,1926,3,headload,native cloth,,,,south,73,,
127,praad,adm56/1/407,20,district,quarter,nt,northern,south mamprusi,1926,3,headload,native cloth,,,,south,64,,
128,praad,adm56/1/407,20,district,quarter,nt,northern,kusasi,1926,3,headload,native cloth,,,,south,7,,
129,praad,adm56/1/407,20,district,quarter,nt,northern,wa,1926,3,headload,native cloth,,,,south,334,,
130,praad,adm56/1/407,20,district,quarter,nt,northern,wa,1926,3,headload,shea butter,,,,south,1295,,
131,praad,adm56/1/407,20,district,quarter,nt,northern,north mamprusi,1926,3,headload,dawadawa,,,,south,172,,
132,praad,adm56/1/407,20,district,quarter,nt,northern,south mamprusi,1926,3,headload,dawadawa,,,,south,1,,
133,praad,adm56/1/407,20,district,quarter,nt,northern,kusasi,1926,3,headload,dawadawa,,,,south,4,,
134,praad,adm56/1/407,20,district,quarter,nt,northern,wa,1926,3,headload,dawadawa,,,,south,721,,
135,praad,adm56/1/407,20,district,quarter,nt,northern,north mamprusi,1926,3,headload,hides,,,,south,1,,
136,praad,adm56/1/407,20,district,quarter,nt,northern,north mamprusi,1926,3,headload,dried fish,,,,south,12,,
137,praad,adm56/1/407,20,district,quarter,nt,northern,wa,1926,3,headload,dried fish,,,,south,830,,
138,praad,adm56/1/407,20,district,quarter,nt,northern,north mamprusi,1926,3,headload,fowls,,,,south,30,,
139,praad,adm56/1/407,20,district,quarter,nt,northern,south mamprusi,1926,3,headload,fowls,,,,south,15,,
140,praad,adm56/1/407,20,district,quarter,nt,northern,wa,1926,3,headload,fowls,,,,south,27,,
141,praad,adm56/1/407,20,district,quarter,nt,northern,north mamprusi,1926,3,headload,onions,,,,south,14,,
142,praad,adm56/1/407,20,district,quarter,nt,northern,wa,1926,3,headload,onions,,,,south,34,,
143,praad,adm56/1/407,10,district,quarter,nt,northern,north mamprusi,1925,4,,horses,,,,,3,,
144,praad,adm56/1/407,10,district,quarter,nt,northern,kusasi,1925,4,,horses,,,,,81,,
145,praad,adm56/1/407,10,district,quarter,nt,northern,wa,1925,4,,horses,,,,,2,,
146,praad,adm56/1/407,10,district,quarter,nt,northern,north mamprusi,1925,4,,cattle,,,,,202,,
147,praad,adm56/1/407,10,district,quarter,nt,northern,south mamprusi,1925,4,,cattle,,,,,150,,
148,praad,adm56/1/407,10,district,quarter,nt,northern,kusasi,1925,4,,cattle,,,,,10634,,
149,praad,adm56/1/407,10,district,quarter,nt,northern,wa,1925,4,,cattle,,,,,245,,
150,praad,adm56/1/407,10,district,quarter,nt,northern,lawra-tumu,1925,4,,cattle,,,,,134,,
151,praad,adm56/1/407,10,district,quarter,nt,northern,north mamprusi,1925,4,,sheep and goats,,,,,846,,
152,praad,adm56/1/407,10,district,quarter,nt,northern,south mamprusi,1925,4,,sheep and goats,,,,,9,,
153,praad,adm56/1/407,10,district,quarter,nt,northern,kusasi,1925,4,,sheep and goats,,,,,8476,,
154,praad,adm56/1/407,10,district,quarter,nt,northern,wa,1925,4,,sheep and goats,,,,,968,,
155,praad,adm56/1/407,10,district,quarter,nt,northern,lawra-tumu,1925,4,,sheep and goats,,,,,846,,
156,praad,adm56/1/407,10,district,quarter,nt,northern,north mamprusi,1925,4,,donkeys,,,,,569,,
157,praad,adm56/1/407,10,district,quarter,nt,northern,kusasi,1925,4,,donkeys,,,,,1769,,
158,praad,adm56/1/407,10,district,quarter,nt,northern,wa,1925,4,,donkeys,,,,,74,,
159,praad,adm56/1/407,10,district,quarter,nt,northern,kusasi,1925,4,,ostrich,,,,,2,,
160,praad,adm56/1/407,10,district,quarter,nt,northern,north mamprusi,1925,4,headload,kola,,,,north,566,,
161,praad,adm56/1/407,10,district,quarter,nt,northern,south mamprusi,1925,4,headload,kola,,,,north,13,,
162,praad,adm56/1/407,10,district,quarter,nt,northern,kusasi,1925,4,headload,kola,,,,north,421,,
163,praad,adm56/1/407,10,district,quarter,nt,northern,north mamprusi,1925,4,headload,english cloth,,,,north,65,,
164,praad,adm56/1/407,10,district,quarter,nt,northern,kusasi,1925,4,headload,english cloth,,,,north,340,,
165,praad,adm56/1/407,10,district,quarter,nt,northern,kusasi,1925,4,headload,salt,,,,north,57,,
166,praad,adm56/1/407,10,district,quarter,nt,northern,wa,1925,4,headload,hoes,,,,south,26,,
167,praad,adm56/1/407,10,district,quarter,nt,northern,north mamprusi,1925,4,headload,native cloth,,,,south,303,,
168,praad,adm56/1/407,10,district,quarter,nt,northern,kusasi,1925,4,headload,native cloth,,,,south,897,,
169,praad,adm56/1/407,10,district,quarter,nt,northern,wa,1925,4,headload,native cloth,,,,south,396,,
170,praad,adm56/1/407,10,district,quarter,nt,northern,wa,1925,4,headload,shea butter,,,,south,1665,,
171,praad,adm56/1/407,10,district,quarter,nt,northern,north mamprusi,1925,4,headload,dawadawa,,,,south,185,,
172,praad,adm56/1/407,10,district,quarter,nt,northern,kusasi,1925,4,headload,dawadawa,,,,south,162,,
173,praad,adm56/1/407,10,district,quarter,nt,northern,wa,1925,4,headload,dawadawa,,,,south,1575,,
174,praad,adm56/1/407,10,district,quarter,nt,northern,kusasi,1925,4,headload,hides,,,,south,55,,
175,praad,adm56/1/407,10,district,quarter,nt,northern,wa,1925,4,headload,string and rope,,,,south,2,,
176,praad,adm56/1/407,10,district,quarter,nt,northern,north mamprusi,1925,4,headload,dried fish,,,,south,46,,
177,praad,adm56/1/407,10,district,quarter,nt,northern,kusasi,1925,4,headload,dried fish,,,,south,226,,
178,praad,adm56/1/407,10,district,quarter,nt,northern,wa,1925,4,headload,dried fish,,,,south,385,,
179,praad,adm56/1/407,10,district,quarter,nt,northern,north mamprusi,1925,4,headload,fowls,,,,south,62,,
180,praad,adm56/1/407,10,district,quarter,nt,northern,wa,1925,4,headload,fowls,,,,south,44,,
181,praad,adm56/1/407,10,district,quarter,nt,northern,south mamprusi,1925,4,headload,groundnuts,,,,south,4,,
182,praad,adm56/1/407,10,district,quarter,nt,northern,wa,1925,4,headload,groundnuts,,,,south,117,,
183,praad,adm56/1/407,8,district,quarter,nt,northern,north mamprusi,1925,3,,horses,,,,,5,,
184,praad,adm56/1/407,8,district,quarter,nt,northern,south mamprusi,1925,3,,horses,,,,,2,,
185,praad,adm56/1/407,8,district,quarter,nt,northern,north mamprusi,1925,3,,cattle,,,,,3129,,
186,praad,adm56/1/407,8,district,quarter,nt,northern,south mamprusi,1925,3,,cattle,,,,,22,,
187,praad,adm56/1/407,8,district,quarter,nt,northern,kusasi,1925,3,,cattle,,,,,3303,,
188,praad,adm56/1/407,8,district,quarter,nt,northern,wa,1925,3,,cattle,,,,,332,,
189,praad,adm56/1/407,8,district,quarter,nt,northern,lawra-tumu,1925,3,,cattle,,,,,102,,
190,praad,adm56/1/407,8,district,quarter,nt,northern,north mamprusi,1925,3,,sheep and goats,,,,,86,,
191,praad,adm56/1/407,8,district,quarter,nt,northern,south mamprusi,1925,3,,sheep and goats,,,,,63,,
192,praad,adm56/1/407,8,district,quarter,nt,northern,kusasi,1925,3,,sheep and goats,,,,,343,,
193,praad,adm56/1/407,8,district,quarter,nt,northern,wa,1925,3,,sheep and goats,,,,,672,,
194,praad,adm56/1/407,8,district,quarter,nt,northern,lawra-tumu,1925,3,,sheep and goats,,,,,367,,
195,praad,adm56/1/407,8,district,quarter,nt,northern,south mamprusi,1925,3,,donkeys,,,,,1,,
196,praad,adm56/1/407,8,district,quarter,nt,northern,north mamprusi,1925,3,headload,kola,,,,north,94,,
197,praad,adm56/1/407,8,district,quarter,nt,northern,south mamprusi,1925,3,headload,kola,,,,north,10,,
198,praad,adm56/1/407,8,district,quarter,nt,northern,kusasi,1925,3,headload,kola,,,,north,98,,
199,praad,adm56/1/407,8,district,quarter,nt,northern,north mamprusi,1925,3,headload,english cloth,,,,north,108,,
200,praad,adm56/1/407,8,district,quarter,nt,northern,kusasi,1925,3,headload,english cloth,,,,north,84,,
201,praad,adm56/1/407,8,district,quarter,nt,northern,north mamprusi,1925,3,headload,brass rods,,,,north,25,,
202,praad,adm56/1/407,8,district,quarter,nt,northern,north mamprusi,1925,3,headload,bicycle,,,,north,1,,
203,praad,adm56/1/407,8,district,quarter,nt,northern,north mamprusi,1925,3,headload,native cloth,,,,south,11,,
204,praad,adm56/1/407,8,district,quarter,nt,northern,kusasi,1925,3,headload,native cloth,,,,south,96,,
205,praad,adm56/1/407,8,district,quarter,nt,northern,wa,1925,3,headload,native cloth,,,,south,43,,
206,praad,adm56/1/407,8,district,quarter,nt,northern,south mamprusi,1925,3,headload,shea butter,,,,south,1,,
207,praad,adm56/1/407,8,district,quarter,nt,northern,wa,1925,3,headload,shea butter,,,,south,408,,
208,praad,adm56/1/407,8,district,quarter,nt,northern,north mamprusi,1925,3,headload,dawadawa,,,,south,52,,
209,praad,adm56/1/407,8,district,quarter,nt,northern,wa,1925,3,headload,dawadawa,,,,south,892,,
210,praad,adm56/1/407,8,district,quarter,nt,northern,kusasi,1925,3,headload,hides,,,,south,7,,
211,praad,adm56/1/407,8,district,quarter,nt,northern,north mamprusi,1925,3,headload,dried fish,,,,south,10,,
212,praad,adm56/1/407,8,district,quarter,nt,northern,wa,1925,3,headload,dried fish,,,,south,317,,
213,praad,adm56/1/407,8,district,quarter,nt,northern,north mamprusi,1925,3,headload,fowls,,,,south,7,,
214,praad,adm56/1/407,8,district,quarter,nt,northern,kusasi,1925,3,headload,fowls,,,,south,8,,
215,praad,adm56/1/407,8,district,quarter,nt,northern,wa,1925,3,headload,fowls,,,,south,11,,
216,praad,adm56/1/407,8,district,quarter,nt,northern,wa,1925,3,headload,hoes,,,,south,5,,
217,praad,adm56/1/407,6,district,quarter,nt,northern,south mamprusi,1925,2,,horses,,,,,3,,
218,praad,adm56/1/407,6,district,quarter,nt,northern,kusasi,1925,2,,horses,,,,,12,,
219,praad,adm56/1/407,6,district,quarter,nt,northern,wa,1925,2,,horses,,,,,3,,
220,praad,adm56/1/407,6,district,quarter,nt,northern,north mamprusi,1925,2,,cattle,,,,,729,,
221,praad,adm56/1/407,6,district,quarter,nt,northern,south mamprusi,1925,2,,cattle,,,,,2166,,
222,praad,adm56/1/407,6,district,quarter,nt,northern,kusasi,1925,2,,cattle,,,,,6634,,
223,praad,adm56/1/407,6,district,quarter,nt,northern,wa,1925,2,,cattle,,,,,348,,
224,praad,adm56/1/407,6,district,quarter,nt,northern,lawra-tumu,1925,2,,cattle,,,,,221,,
225,praad,adm56/1/407,6,district,quarter,nt,northern,north mamprusi,1925,2,,sheep and goats,,,,,239,,
226,praad,adm56/1/407,6,district,quarter,nt,northern,south mamprusi,1925,2,,sheep and goats,,,,,1469,,
227,praad,adm56/1/407,6,district,quarter,nt,northern,kusasi,1925,2,,sheep and goats,,,,,7485,,
228,praad,adm56/1/407,6,district,quarter,nt,northern,wa,1925,2,,sheep and goats,,,,,1135,,
229,praad,adm56/1/407,6,district,quarter,nt,northern,lawra-tumu,1925,2,,sheep and goats,,,,,1775,,
230,praad,adm56/1/407,6,district,quarter,nt,northern,north mamprusi,1925,2,,donkeys,,,,,595,,
231,praad,adm56/1/407,6,district,quarter,nt,northern,south mamprusi,1925,2,,donkeys,,,,,24,,
232,praad,adm56/1/407,6,district,quarter,nt,northern,kusasi,1925,2,,donkeys,,,,,136,,
233,praad,adm56/1/407,6,district,quarter,nt,northern,wa,1925,2,,donkeys,,,,,41,,
234,praad,adm56/1/407,6,district,quarter,nt,northern,north mamprusi,1925,2,headload,kola,,,,north,8181,,
235,praad,adm56/1/407,6,district,quarter,nt,northern,south mamprusi,1925,2,headload,kola,,,,north,101,,
236,praad,adm56/1/407,6,district,quarter,nt,northern,kusasi,1925,2,headload,kola,,,,north,61,,
237,praad,adm56/1/407,6,district,quarter,nt,northern,north mamprusi,1925,2,headload,english cloth,,,,north,105,,
238,praad,adm56/1/407,6,district,quarter,nt,northern,kusasi,1925,2,headload,english cloth,,,,north,75,,
239,praad,adm56/1/407,6,district,quarter,nt,northern,north mamprusi,1925,2,headload,salt,,,,north,1,,
240,praad,adm56/1/407,6,district,quarter,nt,northern,kusasi,1925,2,headload,salt,,,,north,13,,
241,praad,adm56/1/407,6,district,quarter,nt,northern,north mamprusi,1925,2,headload,basins,,,,north,1,,
242,praad,adm56/1/407,6,district,quarter,nt,northern,north mamprusi,1925,2,headload,copper rods,,,,north,1,,
243,praad,adm56/1/407,6,district,quarter,nt,northern,north mamprusi,1925,2,headload,native cloth,,,,south,167,,
244,praad,adm56/1/407,6,district,quarter,nt,northern,kusasi,1925,2,headload,native cloth,,,,south,108,,
245,praad,adm56/1/407,6,district,quarter,nt,northern,wa,1925,2,headload,native cloth,,,,south,283,,
246,praad,adm56/1/407,6,district,quarter,nt,northern,wa,1925,2,headload,shea butter,,,,south,654,,
247,praad,adm56/1/407,6,district,quarter,nt,northern,north mamprusi,1925,2,headload,dawadawa,,,,south,21,,
248,praad,adm56/1/407,6,district,quarter,nt,northern,south mamprusi,1925,2,headload,dawadawa,,,,south,6,,
249,praad,adm56/1/407,6,district,quarter,nt,northern,kusasi,1925,2,headload,dawadawa,,,,south,6,,
250,praad,adm56/1/407,6,district,quarter,nt,northern,wa,1925,2,headload,dawadawa,,,,south,1040,,
251,praad,adm56/1/407,6,district,quarter,nt,northern,kusasi,1925,2,headload,hides,,,,south,8,,
252,praad,adm56/1/407,6,district,quarter,nt,northern,south mamprusi,1925,2,headload,dried fish,,,,south,4,,
253,praad,adm56/1/407,6,district,quarter,nt,northern,kusasi,1925,2,headload,dried fish,,,,south,17,,
254,praad,adm56/1/407,6,district,quarter,nt,northern,wa,1925,2,headload,dried fish,,,,south,356,,
255,praad,adm56/1/407,6,district,quarter,nt,northern,north mamprusi,1925,2,headload,fowls,,,,south,7,,
256,praad,adm56/1/407,6,district,quarter,nt,northern,south mamprusi,1925,2,headload,fowls,,,,south,4,,
257,praad,adm56/1/407,6,district,quarter,nt,northern,kusasi,1925,2,headload,fowls,,,,south,3,,
258,praad,adm56/1/407,6,district,quarter,nt,northern,wa,1925,2,headload,fowls,,,,south,23,,
259,praad,adm56/1/407,6,district,quarter,nt,northern,south mamprusi,1925,2,headload,groundnuts,,,,south,2,,
260,praad,adm56/1/407,6,district,quarter,nt,northern,wa,1925,2,headload,groundnuts,,,,south,38,,
261,praad,adm56/1/407,3,district,quarter,nt,northern,north mamprusi,1925,1,,horses,,,,,1,,
262,praad,adm56/1/407,3,district,quarter,nt,northern,south mamprusi,1925,1,,horses,,,,,3,,
263,praad,adm56/1/407,3,district,quarter,nt,northern,kusasi,1925,1,,horses,,,,,78,,
264,praad,adm56/1/407,3,district,quarter,nt,northern,wa,1925,1,,horses,,,,,2,,
265,praad,adm56/1/407,3,district,quarter,nt,northern,north mamprusi,1925,1,,cattle,,,,,198,,
266,praad,adm56/1/407,3,district,quarter,nt,northern,south mamprusi,1925,1,,cattle,,,,,24,,
267,praad,adm56/1/407,3,district,quarter,nt,northern,kusasi,1925,1,,cattle,,,,,9703,,
268,praad,adm56/1/407,3,district,quarter,nt,northern,wa,1925,1,,cattle,,,,,90,,
269,praad,adm56/1/407,3,district,quarter,nt,northern,lawra-tumu,1925,1,,cattle,,,,,536,,
270,praad,adm56/1/407,3,district,quarter,nt,northern,north mamprusi,1925,1,,sheep and goats,,,,,123,,
271,praad,adm56/1/407,3,district,quarter,nt,northern,south mamprusi,1925,1,,sheep and goats,,,,,614,,
272,praad,adm56/1/407,3,district,quarter,nt,northern,kusasi,1925,1,,sheep and goats,,,,,22508,,
273,praad,adm56/1/407,3,district,quarter,nt,northern,wa,1925,1,,sheep and goats,,,,,1244,,
274,praad,adm56/1/407,3,district,quarter,nt,northern,lawra-tumu,1925,1,,sheep and goats,,,,,3574,,
275,praad,adm56/1/407,3,district,quarter,nt,northern,north mamprusi,1925,1,,donkeys,,,,,106,,
276,praad,adm56/1/407,3,district,quarter,nt,northern,south mamprusi,1925,1,,donkeys,,,,,88,,
277,praad,adm56/1/407,3,district,quarter,nt,northern,kusasi,1925,1,,donkeys,,,,,3029,,
278,praad,adm56/1/407,3,district,quarter,nt,northern,wa,1925,1,,donkeys,,,,,237,,
279,praad,adm56/1/407,3,district,quarter,nt,northern,north mamprusi,1925,1,headload,kola,,,,north,8450,,
280,praad,adm56/1/407,3,district,quarter,nt,northern,south mamprusi,1925,1,headload,kola,,,,north,144,,
281,praad,adm56/1/407,3,district,quarter,nt,northern,kusasi,1925,1,headload,kola,,,,north,429,,
282,praad,adm56/1/407,3,district,quarter,nt,northern,north mamprusi,1925,1,headload,english cloth,,,,north,229,,
283,praad,adm56/1/407,3,district,quarter,nt,northern,kusasi,1925,1,headload,english cloth,,,,north,263,,
284,praad,adm56/1/407,3,district,quarter,nt,northern,north mamprusi,1925,1,headload,salt,,,,north,1,,
285,praad,adm56/1/407,3,district,quarter,nt,northern,south mamprusi,1925,1,headload,salt,,,,north,2,,
286,praad,adm56/1/407,3,district,quarter,nt,northern,kusasi,1925,1,headload,salt,,,,north,25,,
287,praad,adm56/1/407,3,district,quarter,nt,northern,north mamprusi,1925,1,headload,brass rods,,,,north,5,,
288,praad,adm56/1/407,3,district,quarter,nt,northern,north mamprusi,1925,1,headload,bicycle,,,,north,2,,
289,praad,adm56/1/407,3,district,quarter,nt,northern,north mamprusi,1925,1,headload,native cloth,,,,south,824,,
290,praad,adm56/1/407,3,district,quarter,nt,northern,south mamprusi,1925,1,headload,native cloth,,,,south,43,,
291,praad,adm56/1/407,3,district,quarter,nt,northern,kusasi,1925,1,headload,native cloth,,,,south,473,,
292,praad,adm56/1/407,3,district,quarter,nt,northern,wa,1925,1,headload,native cloth,,,,south,1716,,
293,praad,adm56/1/407,3,district,quarter,nt,northern,north mamprusi,1925,1,headload,shea butter,,,,south,1,,
294,praad,adm56/1/407,3,district,quarter,nt,northern,wa,1925,1,headload,shea butter,,,,south,1476,,
295,praad,adm56/1/407,3,district,quarter,nt,northern,north mamprusi,1925,1,headload,dawadawa,,,,south,466,,
296,praad,adm56/1/407,3,district,quarter,nt,northern,south mamprusi,1925,1,headload,dawadawa,,,,south,7,,
297,praad,adm56/1/407,3,district,quarter,nt,northern,wa,1925,1,headload,dawadawa,,,,south,1160,,
298,praad,adm56/1/407,3,district,quarter,nt,northern,kusasi,1925,1,headload,hides,,,,south,55,,
299,praad,adm56/1/407,3,district,quarter,nt,northern,kusasi,1925,1,headload,string and rope,,,,south,80,,
300,praad,adm56/1/407,3,district,quarter,nt,northern,wa,1925,1,headload,string and rope,,,,south,9,,
301,praad,adm56/1/407,3,district,quarter,nt,northern,north mamprusi,1925,1,headload,dried fish,,,,south,3,,
302,praad,adm56/1/407,3,district,quarter,nt,northern,kusasi,1925,1,headload,dried fish,,,,south,216,,
303,praad,adm56/1/407,3,district,quarter,nt,northern,wa,1925,1,headload,dried fish,,,,south,161,,
304,praad,adm56/1/407,3,district,quarter,nt,northern,north mamprusi,1925,1,headload,fowls,,,,south,197,,
305,praad,adm56/1/407,3,district,quarter,nt,northern,south mamprusi,1925,1,headload,fowls,,,,south,8,,
306,praad,adm56/1/407,3,district,quarter,nt,northern,kusasi,1925,1,headload,fowls,,,,south,17,,
307,praad,adm56/1/407,3,district,quarter,nt,northern,wa,1925,1,headload,fowls,,,,south,34,,
308,praad,adm56/1/407,3,district,quarter,nt,northern,north mamprusi,1925,1,headload,onions,,,,south,53,,
309,praad,adm56/1/407,3,district,quarter,nt,northern,wa,1925,1,headload,onions,,,,south,12,,
310,praad,adm56/1/407,14,district,quarter,nt,northern,north mamprusi,1926,1,,horses,,,,,8,,
311,praad,adm56/1/407,14,district,quarter,nt,northern,south mamprusi,1926,1,,horses,,,,,2,,
312,praad,adm56/1/407,14,district,quarter,nt,northern,kusasi,1926,1,,horses,,,,,77,,
313,praad,adm56/1/407,14,district,quarter,nt,northern,wa,1926,1,,horses,,,,,5,,
314,praad,adm56/1/407,14,district,quarter,nt,northern,lawra-tumu,1926,1,,horses,,,,,49,,
315,praad,adm56/1/407,14,district,quarter,nt,northern,north mamprusi,1926,1,,cattle,,,,,2571,,
316,praad,adm56/1/407,14,district,quarter,nt,northern,kusasi,1926,1,,cattle,,,,,9399,,
317,praad,adm56/1/407,14,district,quarter,nt,northern,wa,1926,1,,cattle,,,,,132,,
318,praad,adm56/1/407,14,district,quarter,nt,northern,lawra-tumu,1926,1,,cattle,,,,,710,,
319,praad,adm56/1/407,14,district,quarter,nt,northern,north mamprusi,1926,1,,sheep and goats,,,,,9497,,
320,praad,adm56/1/407,14,district,quarter,nt,northern,south mamprusi,1926,1,,sheep and goats,,,,,115,,
321,praad,adm56/1/407,14,district,quarter,nt,northern,kusasi,1926,1,,sheep and goats,,,,,14912,,
322,praad,adm56/1/407,14,district,quarter,nt,northern,wa,1926,1,,sheep and goats,,,,,504,,
323,praad,adm56/1/407,14,district,quarter,nt,northern,lawra-tumu,1926,1,,sheep and goats,,,,,4263,,
324,praad,adm56/1/407,14,district,quarter,nt,northern,north mamprusi,1926,1,,donkeys,,,,,5015,,
325,praad,adm56/1/407,14,district,quarter,nt,northern,south mamprusi,1926,1,,donkeys,,,,,1,,
326,praad,adm56/1/407,14,district,quarter,nt,northern,kusasi,1926,1,,donkeys,,,,,3633,,
327,praad,adm56/1/407,14,district,quarter,nt,northern,wa,1926,1,,donkeys,,,,,188,,
328,praad,adm56/1/407,14,district,quarter,nt,northern,north mamprusi,1926,1,lorry,kola,,,,north,16,,
329,praad,adm56/1/407,14,district,quarter,nt,northern,kusasi,1926,1,lorry,kola,,,,north,106,,
330,praad,adm56/1/407,14,district,quarter,nt,northern,north mamprusi,1926,1,headload,kola,,,,north,7826,,
331,praad,adm56/1/407,14,district,quarter,nt,northern,south mamprusi,1926,1,headload,kola,,,,north,39,,
332,praad,adm56/1/407,14,district,quarter,nt,northern,kusasi,1926,1,headload,kola,,,,north,940,,
333,praad,adm56/1/407,14,district,quarter,nt,northern,north mamprusi,1926,1,headload,english cloth,,,,north,105,,
334,praad,adm56/1/407,14,district,quarter,nt,northern,south mamprusi,1926,1,headload,english cloth,,,,north,5,,
335,praad,adm56/1/407,14,district,quarter,nt,northern,kusasi,1926,1,headload,english cloth,,,,north,487,,
336,praad,adm56/1/407,14,district,quarter,nt,northern,south mamprusi,1926,1,headload,salt,,,,north,14,,
337,praad,adm56/1/407,14,district,quarter,nt,northern,kusasi,1926,1,headload,salt,,,,north,19,,
338,praad,adm56/1/407,14,district,quarter,nt,northern,north mamprusi,1926,1,headload,groundnuts,,,,south,6,,
339,praad,adm56/1/407,14,district,quarter,nt,northern,wa,1926,1,headload,groundnuts,,,,south,267,,
340,praad,adm56/1/407,14,district,quarter,nt,northern,north mamprusi,1926,1,headload,hats,moshi,,,south,11,,
341,praad,adm56/1/407,14,district,quarter,nt,northern,north mamprusi,1926,1,headload,native cloth,,,,south,902,,
342,praad,adm56/1/407,14,district,quarter,nt,northern,kusasi,1926,1,headload,native cloth,,,,south,403,,
343,praad,adm56/1/407,14,district,quarter,nt,northern,wa,1926,1,headload,native cloth,,,,south,4354,,
344,praad,adm56/1/407,14,district,quarter,nt,northern,wa,1926,1,headload,shea butter,,,,south,1387,,
345,praad,adm56/1/407,14,district,quarter,nt,northern,north mamprusi,1926,1,headload,dawadawa,,,,south,834,,
346,praad,adm56/1/407,14,district,quarter,nt,northern,kusasi,1926,1,headload,dawadawa,,,,south,135,,
347,praad,adm56/1/407,14,district,quarter,nt,northern,wa,1926,1,headload,dawadawa,,,,south,1259,,
348,praad,adm56/1/407,14,district,quarter,nt,northern,kusasi,1926,1,headload,hides,,,,south,26,,
349,praad,adm56/1/407,14,district,quarter,nt,northern,wa,1926,1,headload,string and rope,,,,south,11,,
350,praad,adm56/1/407,14,district,quarter,nt,northern,north mamprusi,1926,1,headload,dried fish,,,,south,25,,
351,praad,adm56/1/407,14,district,quarter,nt,northern,kusasi,1926,1,headload,dried fish,,,,south,4,,
352,praad,adm56/1/407,14,district,quarter,nt,northern,wa,1926,1,headload,dried fish,,,,south,323,,
353,praad,adm56/1/407,14,district,quarter,nt,northern,north mamprusi,1926,1,headload,fowls,,,,south,184,,
354,praad,adm56/1/407,14,district,quarter,nt,northern,kusasi,1926,1,headload,fowls,,,,south,4,,
355,praad,adm56/1/407,14,district,quarter,nt,northern,wa,1926,1,headload,fowls,,,,south,17,,
356,praad,adm56/1/407,14,district,quarter,nt,northern,north mamprusi,1926,1,headload,onions,,,,south,23,,
357,praad,adm56/1/407,14,district,quarter,nt,northern,wa,1926,1,headload,onions,,,,south,68,,
358,praad,adm56/1/407,15,district,quarter,nt,northern,kusasi,1926,2,,horses,,,,,62,,
359,praad,adm56/1/407,15,district,quarter,nt,northern,north mamprusi,1926,2,,cattle,,,,,144,,
360,praad,adm56/1/407,15,district,quarter,nt,northern,south mamprusi,1926,2,,cattle,,,,,1,,
361,praad,adm56/1/407,15,district,quarter,nt,northern,kusasi,1926,2,,cattle,,,,,8572,,
362,praad,adm56/1/407,15,district,quarter,nt,northern,wa,1926,2,,cattle,,,,,22,,
363,praad,adm56/1/407,15,district,quarter,nt,northern,lawra-tumu,1926,2,,cattle,,,,,10,,
364,praad,adm56/1/407,15,district,quarter,nt,northern,north mamprusi,1926,2,,sheep and goats,,,,,461,,
365,praad,adm56/1/407,15,district,quarter,nt,northern,south mamprusi,1926,2,,sheep and goats,,,,,303,,
366,praad,adm56/1/407,15,district,quarter,nt,northern,kusasi,1926,2,,sheep and goats,,,,,9909,,
367,praad,adm56/1/407,15,district,quarter,nt,northern,wa,1926,2,,sheep and goats,,,,,363,,
368,praad,adm56/1/407,15,district,quarter,nt,northern,lawra-tumu,1926,2,,sheep and goats,,,,,34,,
369,praad,adm56/1/407,15,district,quarter,nt,northern,north mamprusi,1926,2,,donkeys,,,,,16,,
370,praad,adm56/1/407,15,district,quarter,nt,northern,south mamprusi,1926,2,,donkeys,,,,,4,,
371,praad,adm56/1/407,15,district,quarter,nt,northern,kusasi,1926,2,,donkeys,,,,,23,,
372,praad,adm56/1/407,15,district,quarter,nt,northern,wa,1926,2,,donkeys,,,,,5,,
373,praad,adm56/1/407,15,district,quarter,nt,northern,kusasi,1926,2,lorry,kola,,,,north,139,,
374,praad,adm56/1/407,15,district,quarter,nt,northern,kusasi,1926,2,lorry,english cloth,,,,north,14,,
375,praad,adm56/1/407,15,district,quarter,nt,northern,north mamprusi,1926,2,lorry,native cloth,,,,north,4,,
376,praad,adm56/1/407,15,district,quarter,nt,northern,north mamprusi,1926,2,headload,kola,,,,north,4261,,
377,praad,adm56/1/407,15,district,quarter,nt,northern,south mamprusi,1926,2,headload,kola,,,,north,161,,
378,praad,adm56/1/407,15,district,quarter,nt,northern,kusasi,1926,2,headload,kola,,,,north,214,,
379,praad,adm56/1/407,15,district,quarter,nt,northern,north mamprusi,1926,2,headload,english cloth,,,,north,99,,
380,praad,adm56/1/407,15,district,quarter,nt,northern,south mamprusi,1926,2,headload,english cloth,,,,north,11,,
381,praad,adm56/1/407,15,district,quarter,nt,northern,kusasi,1926,2,headload,english cloth,,,,north,147,,
382,praad,adm56/1/407,15,district,quarter,nt,northern,south mamprusi,1926,2,headload,salt,,,,north,30,,
383,praad,adm56/1/407,15,district,quarter,nt,northern,kusasi,1926,2,headload,salt,,,,north,10,,
384,praad,adm56/1/407,15,district,quarter,nt,northern,north mamprusi,1926,2,headload,native cloth,,,,south,11,,
385,praad,adm56/1/407,15,district,quarter,nt,northern,south mamprusi,1926,2,headload,native cloth,,,,south,6,,
386,praad,adm56/1/407,15,district,quarter,nt,northern,kusasi,1926,2,headload,native cloth,,,,south,357,,
387,praad,adm56/1/407,15,district,quarter,nt,northern,wa,1926,2,headload,native cloth,,,,south,83,,
388,praad,adm56/1/407,15,district,quarter,nt,northern,south mamprusi,1926,2,headload,shea butter,,,,south,2,,
389,praad,adm56/1/407,15,district,quarter,nt,northern,wa,1926,2,headload,shea butter,,,,south,165,,
390,praad,adm56/1/407,15,district,quarter,nt,northern,north mamprusi,1926,2,headload,dawadawa,,,,south,39,,
391,praad,adm56/1/407,15,district,quarter,nt,northern,kusasi,1926,2,headload,dawadawa,,,,south,23,,
392,praad,adm56/1/407,15,district,quarter,nt,northern,wa,1926,2,headload,dawadawa,,,,south,453,,
393,praad,adm56/1/407,15,district,quarter,nt,northern,kusasi,1926,2,headload,hides,,,,south,8,,
394,praad,adm56/1/407,15,district,quarter,nt,northern,wa,1926,2,headload,hides,,,,south,41,,
395,praad,adm56/1/407,15,district,quarter,nt,northern,kusasi,1926,2,headload,string and rope,,,,south,4,,
396,praad,adm56/1/407,15,district,quarter,nt,northern,wa,1926,2,headload,string and rope,,,,south,3,,
397,praad,adm56/1/407,15,district,quarter,nt,northern,north mamprusi,1926,2,headload,dried fish,,,,south,2,,
398,praad,adm56/1/407,15,district,quarter,nt,northern,kusasi,1926,2,headload,dried fish,,,,south,13,,
399,praad,adm56/1/407,15,district,quarter,nt,northern,wa,1926,2,headload,dried fish,,,,south,215,,
400,praad,adm56/1/407,15,district,quarter,nt,northern,south mamprusi,1926,2,headload,fowls,,,,south,8,,
401,praad,adm56/1/407,15,district,quarter,nt,northern,wa,1926,2,headload,fowls,,,,south,25,,
402,praad,adm56/1/407,15,district,quarter,nt,northern,north mamprusi,1926,2,headload,onions,,,,south,12,,
403,praad,adm56/1/407,15,district,quarter,nt,northern,wa,1926,2,headload,onions,,,,south,19,,
