﻿entry,archive,folder,page,area,period,region,province,transport,direction,good,year,quarter,description,origin,unit,quantity,district,station,month
2212,praad,adm56/1/478,,province,quarter,nt,northwestern,,,horses,1915,3,,,,13,,,
2213,praad,adm56/1/478,,province,quarter,nt,northwestern,,,horses,1914,3,,,,2,,,
2214,praad,adm56/1/478,,province,quarter,nt,northwestern,,,cattle,1915,3,,,,2774,,,
2215,praad,adm56/1/478,,province,quarter,nt,northwestern,,,cattle,1914,3,,,,6884,,,
2216,praad,adm56/1/478,,province,quarter,nt,northwestern,,,sheep and goats,1915,3,,,,2086,,,
2217,praad,adm56/1/478,,province,quarter,nt,northwestern,,,sheep and goats,1914,3,,,,3375,,,
2218,praad,adm56/1/478,,province,quarter,nt,northwestern,,,donkeys,1915,3,,,,14,,,
2219,praad,adm56/1/478,,province,quarter,nt,northwestern,,,donkeys,1914,3,,,,21,,,
2220,praad,adm56/1/478,,province,quarter,nt,northwestern,,,ivory,1915,3,,,single,1,,,
2221,praad,adm56/1/478,,province,quarter,nt,northwestern,,,shea butter,1915,3,,,carrier load,562,,,
2222,praad,adm56/1/478,,province,quarter,nt,northwestern,,,shea butter,1914,3,,,carrier load,204,,,
2223,praad,adm56/1/478,,province,quarter,nt,northwestern,,,kola,1915,3,,,carrier load,10,,,
2224,praad,adm56/1/478,,province,quarter,nt,northwestern,,,dawadawa,1915,3,,,carrier load,1197,,,
2225,praad,adm56/1/478,,province,quarter,nt,northwestern,,,dawadawa,1914,3,,,carrier load,1257,,,
2226,praad,adm56/1/478,,province,quarter,nt,northwestern,,,cloth,1915,3,,,carrier load,11,,,
2227,praad,adm56/1/478,,province,quarter,nt,northwestern,,,cloth,1914,3,,,carrier load,33,,,
2228,praad,adm56/1/478,,province,quarter,nt,northwestern,,,groundnuts,1915,3,,,carrier load,12,,,
2229,praad,adm56/1/478,,province,quarter,nt,northwestern,,,groundnuts,1914,3,,,carrier load,25,,,
2230,praad,adm56/1/478,,province,quarter,nt,northwestern,,,tiger nuts,1914,3,,,carrier load,6,,,
2231,praad,adm56/1/478,,province,quarter,nt,northwestern,,,dried fish,1915,3,,,carrier load,95,,,
2232,praad,adm56/1/478,,province,quarter,nt,northwestern,,,dried fish,1914,3,,,carrier load,25,,,
2233,praad,adm56/1/478,,province,quarter,nt,northwestern,,,salt,1915,3,,,carrier load,6,,,
2234,praad,adm56/1/478,,province,quarter,nt,northwestern,,,salt,1914,3,,,carrier load,7,,,
2235,praad,adm56/1/478,,province,quarter,nt,northwestern,,,fowls,1915,3,,,carrier load,16,,,
2236,praad,adm56/1/478,,province,quarter,nt,northwestern,,,fowls,1914,3,,,carrier load,1,,,
2237,praad,adm56/1/478,,province,quarter,nt,northwestern,,,guinea fowls,1915,3,,,carrier load,17,,,
2238,praad,adm56/1/478,,province,quarter,nt,northwestern,,,guinea fowls,1914,3,,,carrier load,5,,,
2239,praad,adm56/1/478,,province,quarter,nt,northwestern,,,hoes,1915,3,,,carrier load,2,,,
2240,praad,adm56/1/478,,province,quarter,nt,northwestern,,,tobacco,1915,3,,,carrier load,4,,,
2241,praad,adm56/1/478,,province,quarter,nt,northwestern,,,okra,1915,3,,,carrier load,1,,,
2242,praad,adm56/1/478,,province,quarter,nt,northwestern,,,leather skins and cow hides,1915,3,,,carrier load,7,,,
2243,praad,adm56/1/478,,province,quarter,nt,northwestern,,,leather skins and cow hides,1914,3,,,carrier load,52,,,
2244,praad,adm56/1/478,,province,quarter,nt,northwestern,,,ground pepper,1915,3,,,carrier load,31,,,
2245,praad,adm56/1/478,,province,quarter,nt,northwestern,,,thread,1914,3,,,carrier load,6,,,
2246,praad,adm56/1/478,,province,quarter,nt,northwestern,,,cotton,1914,3,,,carrier load,2,,,
2247,praad,adm56/1/478,,province,quarter,nt,northwestern,,,horses,1915,4,,,,19,,,
2248,praad,adm56/1/478,,province,quarter,nt,northwestern,,,horses,1914,4,,,,3,,,
2249,praad,adm56/1/478,,province,quarter,nt,northwestern,,,cattle,1915,4,,,,2504,,,
2250,praad,adm56/1/478,,province,quarter,nt,northwestern,,,cattle,1914,4,,,,3965,,,
2251,praad,adm56/1/478,,province,quarter,nt,northwestern,,,sheep and goats,1915,4,,,,5503,,,
2252,praad,adm56/1/478,,province,quarter,nt,northwestern,,,sheep and goats,1914,4,,,,3734,,,
2253,praad,adm56/1/478,,province,quarter,nt,northwestern,,,donkeys,1915,4,,,,528,,,
2254,praad,adm56/1/478,,province,quarter,nt,northwestern,,,donkeys,1914,4,,,,643,,,
2255,praad,adm56/1/478,,province,quarter,nt,northwestern,,,shea butter,1915,4,,,carrier load,1245,,,
2256,praad,adm56/1/478,,province,quarter,nt,northwestern,,,shea butter,1914,4,,,carrier load,735,,,
2257,praad,adm56/1/478,,province,quarter,nt,northwestern,,,kola,1914,4,,,carrier load,4,,,
2258,praad,adm56/1/478,,province,quarter,nt,northwestern,,,dawadawa,1915,4,,,carrier load,1238,,,
2259,praad,adm56/1/478,,province,quarter,nt,northwestern,,,dawadawa,1914,4,,,carrier load,1147,,,
2260,praad,adm56/1/478,,province,quarter,nt,northwestern,,,cloth,1915,4,,,carrier load,3,,,
2261,praad,adm56/1/478,,province,quarter,nt,northwestern,,,cloth,1914,4,,,carrier load,110,,,
2262,praad,adm56/1/478,,province,quarter,nt,northwestern,,,groundnuts,1915,4,,,carrier load,216,,,
2263,praad,adm56/1/478,,province,quarter,nt,northwestern,,,groundnuts,1914,4,,,carrier load,98,,,
2264,praad,adm56/1/478,,province,quarter,nt,northwestern,,,tiger nuts,1915,4,,,carrier load,1,,,
2265,praad,adm56/1/478,,province,quarter,nt,northwestern,,,tiger nuts,1914,4,,,carrier load,4,,,
2266,praad,adm56/1/478,,province,quarter,nt,northwestern,,,dried fish,1915,4,,,carrier load,394,,,
2267,praad,adm56/1/478,,province,quarter,nt,northwestern,,,dried fish,1914,4,,,carrier load,15,,,
2268,praad,adm56/1/478,,province,quarter,nt,northwestern,,,fowls,1915,4,,,carrier load,34,,,
2269,praad,adm56/1/478,,province,quarter,nt,northwestern,,,fowls,1914,4,,,carrier load,9,,,
2270,praad,adm56/1/478,,province,quarter,nt,northwestern,,,guinea fowls,1915,4,,,carrier load,28,,,
2271,praad,adm56/1/478,,province,quarter,nt,northwestern,,,guinea fowls,1914,4,,,carrier load,14,,,
2272,praad,adm56/1/478,,province,quarter,nt,northwestern,,,hoes,1915,4,,,carrier load,18,,,
2273,praad,adm56/1/478,,province,quarter,nt,northwestern,,,hoes,1914,4,,,carrier load,3,,,
2274,praad,adm56/1/478,,province,quarter,nt,northwestern,,,tobacco,1915,4,,,carrier load,11,,,
2275,praad,adm56/1/478,,province,quarter,nt,northwestern,,,tobacco,1914,4,,,carrier load,4,,,
2276,praad,adm56/1/478,,province,quarter,nt,northwestern,,,salt,1915,4,,,carrier load,4,,,
2277,praad,adm56/1/478,,province,quarter,nt,northwestern,,,salt,1914,4,,,carrier load,20,,,
2278,praad,adm56/1/478,,province,quarter,nt,northwestern,,,cow hides and leather skins,1915,4,,,carrier load,10,,,
2279,praad,adm56/1/478,,province,quarter,nt,northwestern,,,cow hides and leather skins,1914,4,,,carrier load,12,,,
2280,praad,adm56/1/478,,province,quarter,nt,northwestern,,,hats,1915,4,,moshi,carrier load,3,,,
2281,praad,adm56/1/478,,province,quarter,nt,northwestern,,,hats,1914,4,,moshi,carrier load,3,,,
2282,praad,adm56/1/478,,province,quarter,nt,northwestern,,,niri,1915,4,,,carrier load,4,,,
2283,praad,adm56/1/478,,province,quarter,nt,northwestern,,,onions,1915,4,,,carrier load,4,,,
2284,praad,adm56/1/478,,province,quarter,nt,northwestern,,,onions,1914,4,,,carrier load,1,,,
2285,praad,adm56/1/478,,province,quarter,nt,northwestern,,,okra,1915,4,,,carrier load,1,,,
2286,praad,adm56/1/478,,province,quarter,nt,northwestern,,,okra,1914,4,,,carrier load,2,,,
2287,praad,adm56/1/478,,province,quarter,nt,northwestern,,,beads,1915,4,,native,carrier load,2,,,
2288,praad,adm56/1/478,,province,quarter,nt,northwestern,,,beads,1914,4,,native,carrier load,6,,,
2289,praad,adm56/1/478,,province,quarter,nt,northwestern,,,miscellaneous,1915,4,,,carrier load,29,,,
2290,praad,adm56/1/478,,province,quarter,nt,northwestern,,,miscellaneous,1914,4,,,carrier load,14,,,
2291,praad,adm56/1/478,,province,quarter,nt,northwestern,,,horses,1915,2,,,,12,,,
2292,praad,adm56/1/478,,province,quarter,nt,northwestern,,,horses,1914,2,,,,17,,,
2293,praad,adm56/1/478,,province,quarter,nt,northwestern,,,cattle,1915,2,,,,6313,,,
2294,praad,adm56/1/478,,province,quarter,nt,northwestern,,,cattle,1914,2,,,,6926,,,
2295,praad,adm56/1/478,,province,quarter,nt,northwestern,,,sheep and goats,1915,2,,,,3821,,,
2296,praad,adm56/1/478,,province,quarter,nt,northwestern,,,sheep and goats,1914,2,,,,2988,,,
2297,praad,adm56/1/478,,province,quarter,nt,northwestern,,,donkeys,1915,2,,,,345,,,
2298,praad,adm56/1/478,,province,quarter,nt,northwestern,,,donkeys,1914,2,,,,185,,,
2299,praad,adm56/1/478,,province,quarter,nt,northwestern,,,ivory,1914,2,,,carrier load,2,,,
2300,praad,adm56/1/478,,province,quarter,nt,northwestern,,,shea butter,1915,2,,,carrier load,317,,,
2301,praad,adm56/1/478,,province,quarter,nt,northwestern,,,shea butter,1914,2,,,carrier load,129,,,
2302,praad,adm56/1/478,,province,quarter,nt,northwestern,,,kola,1915,2,,,carrier load,37,,,
2303,praad,adm56/1/478,,province,quarter,nt,northwestern,,,kola,1914,2,,,carrier load,343,,,
2304,praad,adm56/1/478,,province,quarter,nt,northwestern,,,dawadawa,1915,2,,,carrier load,847,,,
2305,praad,adm56/1/478,,province,quarter,nt,northwestern,,,dawadawa,1914,2,,,carrier load,672,,,
2306,praad,adm56/1/478,,province,quarter,nt,northwestern,,,cloth,1915,2,,,carrier load,37,,,
2307,praad,adm56/1/478,,province,quarter,nt,northwestern,,,cloth,1914,2,,,carrier load,103,,,
2308,praad,adm56/1/478,,province,quarter,nt,northwestern,,,groundnuts,1915,2,,,carrier load,65,,,
2309,praad,adm56/1/478,,province,quarter,nt,northwestern,,,groundnuts,1914,2,,,carrier load,30,,,
2310,praad,adm56/1/478,,province,quarter,nt,northwestern,,,tiger nuts,1914,2,,,carrier load,8,,,
2311,praad,adm56/1/478,,province,quarter,nt,northwestern,,,dried fish,1915,2,,,carrier load,128,,,
2312,praad,adm56/1/478,,province,quarter,nt,northwestern,,,dried fish,1914,2,,,carrier load,41,,,
2313,praad,adm56/1/478,,province,quarter,nt,northwestern,,,salt,1915,2,,,carrier load,5,,,
2314,praad,adm56/1/478,,province,quarter,nt,northwestern,,,salt,1914,2,,,carrier load,103,,,
2315,praad,adm56/1/478,,province,quarter,nt,northwestern,,,fowls,1915,2,,,carrier load,2,,,
2316,praad,adm56/1/478,,province,quarter,nt,northwestern,,,fowls,1914,2,,,carrier load,7,,,
2317,praad,adm56/1/478,,province,quarter,nt,northwestern,,,guinea fowls,1915,2,,,carrier load,1,,,
2318,praad,adm56/1/478,,province,quarter,nt,northwestern,,,guinea fowls,1914,2,,,carrier load,1,,,
2319,praad,adm56/1/478,,province,quarter,nt,northwestern,,,hoes,1915,2,,,carrier load,3,,,
2320,praad,adm56/1/478,,province,quarter,nt,northwestern,,,tobacco,1915,2,,,carrier load,4,,,
2321,praad,adm56/1/478,,province,quarter,nt,northwestern,,,okra,1915,2,,,carrier load,6,,,
2322,praad,adm56/1/478,,province,quarter,nt,northwestern,,,leather skins and cow hides,1915,2,,,carrier load,31,,,
2323,praad,adm56/1/478,,province,quarter,nt,northwestern,,,leather skins and cow hides,1914,2,,,carrier load,27,,,
2324,praad,adm56/1/478,,province,quarter,nt,northwestern,,,onions,1915,2,,,carrier load,11,,,
2325,praad,adm56/1/478,,province,quarter,nt,northwestern,,,onions,1914,2,,,carrier load,2,,,
2326,praad,adm56/1/478,,province,quarter,nt,northwestern,,,ground pepper,1915,2,,,carrier load,5,,,
2327,praad,adm56/1/478,,province,quarter,nt,northwestern,,,ground pepper,1914,2,,,carrier load,1,,,
2328,praad,adm56/1/478,,province,quarter,nt,northwestern,,,rice,1914,2,,,carrier load,2,,,
2329,praad,adm56/1/478,,province,quarter,nt,northwestern,,,beads,1914,2,,,carrier load,5,,,
2330,praad,adm56/1/478,,province,quarter,nt,northwestern,,,rods,1914,2,brass,,carrier load,5,,,
2331,praad,adm56/1/478,,province,quarter,nt,northwestern,,,miscellaneous,1915,2,,,carrier load,10,,,
2332,praad,adm56/1/478,,province,quarter,nt,northwestern,,,miscellaneous,1914,2,,,carrier load,1,,,
2333,praad,adm56/1/478,,province,quarter,nt,northwestern,,,horses,1915,1,,,,23,,,
2334,praad,adm56/1/478,,province,quarter,nt,northwestern,,,horses,1914,1,,,,30,,,
2335,praad,adm56/1/478,,province,quarter,nt,northwestern,,,cattle,1915,1,,,,4175,,,
2336,praad,adm56/1/478,,province,quarter,nt,northwestern,,,cattle,1914,1,,,,6712,,,
2337,praad,adm56/1/478,,province,quarter,nt,northwestern,,,sheep and goats,1915,1,,,,4442,,,
2338,praad,adm56/1/478,,province,quarter,nt,northwestern,,,sheep and goats,1914,1,,,,5055,,,
2339,praad,adm56/1/478,,province,quarter,nt,northwestern,,,donkeys,1915,1,,,,683,,,
2340,praad,adm56/1/478,,province,quarter,nt,northwestern,,,donkeys,1914,1,,,,1268,,,
2341,praad,adm56/1/478,,province,quarter,nt,northwestern,,,shea butter,1915,1,,,carrier load,453,,,
2342,praad,adm56/1/478,,province,quarter,nt,northwestern,,,shea butter,1914,1,,,carrier load,766,,,
2343,praad,adm56/1/478,,province,quarter,nt,northwestern,,,kola,1914,1,,,carrier load,95,,,
2344,praad,adm56/1/478,,province,quarter,nt,northwestern,,,dawadawa,1915,1,,,carrier load,969,,,
2345,praad,adm56/1/478,,province,quarter,nt,northwestern,,,dawadawa,1914,1,,,carrier load,610,,,
2346,praad,adm56/1/478,,province,quarter,nt,northwestern,,,cloth,1915,1,,,carrier load,133,,,
2347,praad,adm56/1/478,,province,quarter,nt,northwestern,,,cloth,1914,1,,,carrier load,308,,,
2348,praad,adm56/1/478,,province,quarter,nt,northwestern,,,groundnuts,1915,1,,,carrier load,95,,,
2349,praad,adm56/1/478,,province,quarter,nt,northwestern,,,groundnuts,1914,1,,,carrier load,74,,,
2350,praad,adm56/1/478,,province,quarter,nt,northwestern,,,tiger nuts,1915,1,,,carrier load,3,,,
2351,praad,adm56/1/478,,province,quarter,nt,northwestern,,,tiger nuts,1914,1,,,carrier load,13,,,
2352,praad,adm56/1/478,,province,quarter,nt,northwestern,,,dried fish,1915,1,,,carrier load,117,,,
2353,praad,adm56/1/478,,province,quarter,nt,northwestern,,,dried fish,1914,1,,,carrier load,282,,,
2354,praad,adm56/1/478,,province,quarter,nt,northwestern,,,salt,1915,1,,,carrier load,15,,,
2355,praad,adm56/1/478,,province,quarter,nt,northwestern,,,salt,1914,1,,,carrier load,76,,,
2356,praad,adm56/1/478,,province,quarter,nt,northwestern,,,fowls,1915,1,,,carrier load,20,,,
2357,praad,adm56/1/478,,province,quarter,nt,northwestern,,,fowls,1914,1,,,carrier load,17,,,
2358,praad,adm56/1/478,,province,quarter,nt,northwestern,,,guinea fowls,1915,1,,,carrier load,8,,,
2359,praad,adm56/1/478,,province,quarter,nt,northwestern,,,guinea fowls,1914,1,,,carrier load,4,,,
2360,praad,adm56/1/478,,province,quarter,nt,northwestern,,,hoes,1914,1,,,carrier load,4,,,
2361,praad,adm56/1/478,,province,quarter,nt,northwestern,,,tobacco,1914,1,,,carrier load,2,,,
2362,praad,adm56/1/478,,province,quarter,nt,northwestern,,,niri,1915,1,,,carrier load,1,,,
2363,praad,adm56/1/478,,province,quarter,nt,northwestern,,,beans,1915,1,,,carrier load,2,,,
2364,praad,adm56/1/478,,province,quarter,nt,northwestern,,,okra,1915,1,,,carrier load,9,,,
2365,praad,adm56/1/478,,province,quarter,nt,northwestern,,,leather skins and cow hides,1915,1,,,carrier load,4,,,
2366,praad,adm56/1/478,,province,quarter,nt,northwestern,,,leather skins and cow hides,1914,1,,,carrier load,16,,,
2367,praad,adm56/1/478,,province,quarter,nt,northwestern,,,onions,1915,1,,,carrier load,2,,,
2368,praad,adm56/1/478,,province,quarter,nt,northwestern,,,onions,1914,1,,,carrier load,19,,,
2369,praad,adm56/1/478,,province,quarter,nt,northwestern,,,ground pepper,1914,1,,,carrier load,10,,,
2370,praad,adm56/1/478,,province,quarter,nt,northwestern,,,mats,1914,1,,,carrier load,1,,,
2371,praad,adm56/1/478,,province,quarter,nt,northwestern,,,hats,1915,1,,,carrier load,2,,,
2372,praad,adm56/1/478,,province,quarter,nt,northwestern,,,hats,1914,1,,,carrier load,2,,,
2373,praad,adm56/1/478,,province,quarter,nt,northwestern,,,ropes,1915,1,,,carrier load,3,,,
2374,praad,adm56/1/478,,province,quarter,nt,northwestern,,,miscellaneous,1915,1,,,carrier load,1,,,
2375,praad,adm56/1/478,,province,quarter,nt,northwestern,,,miscellaneous,1914,1,,,carrier load,19,,,
