﻿entry,archive,folder,page,area,period,region,year,transport,direction,good,unit,quantity,description,origin,province,district,station,quarter,month
1,praad,adm56/1/79,,region,year,nt,1907,,,horses,,422,,,,,,,
2,praad,adm56/1/79,,region,year,nt,1907,,,cattle,,20471,,,,,,,
3,praad,adm56/1/79,,region,year,nt,1907,,,calves,,30,,,,,,,
4,praad,adm56/1/79,,region,year,nt,1907,,,donkeys,,6761,,,,,,,
5,praad,adm56/1/79,,region,year,nt,1907,,,sheep,,83822,,,,,,,
6,praad,adm56/1/79,,region,year,nt,1907,,,lambs,,239,,,,,,,
7,praad,adm56/1/79,,region,year,nt,1907,,,kola,loads,21954,,,,,,,
8,praad,adm56/1/79,,region,year,nt,1907,,,salt,loads,2705,,,,,,,
9,praad,adm56/1/79,,region,year,nt,1907,,,cloth,loads,5003,,,,,,,
10,praad,adm56/1/79,,region,year,nt,1907,,,hoes,loads,57,,,,,,,
11,praad,adm56/1/79,,region,year,nt,1907,,,kola,donkey loads,4589,,,,,,,
12,praad,adm56/1/79,,region,year,nt,1901,,,horses,,170,,,,,,,
13,praad,adm56/1/79,,region,year,nt,1901,,,cattle,,4495,,,,,,,
14,praad,adm56/1/79,,region,year,nt,1901,,,calves,,22,,,,,,,
15,praad,adm56/1/79,,region,year,nt,1901,,,donkeys,,3866,,,,,,,
16,praad,adm56/1/79,,region,year,nt,1901,,,sheep,,23683,,,,,,,
17,praad,adm56/1/79,,region,year,nt,1901,,,lambs,,83,,,,,,,
18,praad,adm56/1/79,,region,year,nt,1901,,,kola,loads,10909,,,,,,,
19,praad,adm56/1/79,,region,year,nt,1901,,,salt,loads,1176,,,,,,,
20,praad,adm56/1/79,,region,year,nt,1901,,,cloth,loads,1390,,,,,,,
