﻿entry,archive,folder,page,area,period,region,year,month,transport,direction,good,unit,quantity,description,origin,province,district,station,quarter
1,praad,adm56/1/57,,region,month,nt,1907,2,,foreign territory to nt,beads ball,,27,european articles,,,,,
2,praad,adm56/1/57,,region,month,nt,1907,3,,foreign territory to nt,beads ball,,1,european articles,,,,,
3,praad,adm56/1/57,,region,month,nt,1907,8,,foreign territory to nt,beads ball,,15,european articles,,,,,
4,praad,adm56/1/57,,region,month,nt,1907,9,,foreign territory to nt,beads ball,,4,european articles,,,,,
5,praad,adm56/1/57,,region,month,nt,1907,10,,foreign territory to nt,beads ball,,34,european articles,,,,,
6,praad,adm56/1/57,,region,month,nt,1907,11,,foreign territory to nt,beads ball,,3,european articles,,,,,
7,praad,adm56/1/57,,region,month,nt,1907,12,,foreign territory to nt,beads ball,,37,european articles,,,,,
8,praad,adm56/1/57,,region,month,nt,1907,4,,foreign territory to nt,blue indigo,,1,european articles,,,,,
9,praad,adm56/1/57,,region,month,nt,1907,8,,foreign territory to nt,blue indigo,,1,european articles,,,,,
10,praad,adm56/1/57,,region,month,nt,1907,9,,foreign territory to nt,blue indigo,,1,european articles,,,,,
11,praad,adm56/1/57,,region,month,nt,1907,10,,foreign territory to nt,blue indigo,,1,european articles,,,,,
12,praad,adm56/1/57,,region,month,nt,1907,12,,foreign territory to nt,blue indigo,,1,european articles,,,,,
13,praad,adm56/1/57,,region,month,nt,1907,1,,foreign territory to nt,brass and copper rods,,100,european articles,,,,,
14,praad,adm56/1/57,,region,month,nt,1907,2,,foreign territory to nt,brass and copper rods,,390,european articles,,,,,
15,praad,adm56/1/57,,region,month,nt,1907,5,,foreign territory to nt,brass and copper rods,,50,european articles,,,,,
16,praad,adm56/1/57,,region,month,nt,1907,6,,foreign territory to nt,brass and copper rods,,100,european articles,,,,,
17,praad,adm56/1/57,,region,month,nt,1907,9,,foreign territory to nt,brass and copper rods,,200,european articles,,,,,
18,praad,adm56/1/57,,region,month,nt,1907,1,,foreign territory to nt,cloth,pieces,259,european articles,,,,,
19,praad,adm56/1/57,,region,month,nt,1907,2,,foreign territory to nt,cloth,pieces,87,european articles,,,,,
20,praad,adm56/1/57,,region,month,nt,1907,3,,foreign territory to nt,cloth,pieces,42,european articles,,,,,
21,praad,adm56/1/57,,region,month,nt,1907,4,,foreign territory to nt,cloth,pieces,19,european articles,,,,,
22,praad,adm56/1/57,,region,month,nt,1907,5,,foreign territory to nt,cloth,pieces,18,european articles,,,,,
23,praad,adm56/1/57,,region,month,nt,1907,6,,foreign territory to nt,cloth,pieces,10,european articles,,,,,
24,praad,adm56/1/57,,region,month,nt,1907,7,,foreign territory to nt,cloth,pieces,1,european articles,,,,,
25,praad,adm56/1/57,,region,month,nt,1907,9,,foreign territory to nt,cloth,pieces,30,european articles,,,,,
26,praad,adm56/1/57,,region,month,nt,1907,10,,foreign territory to nt,cloth,pieces,50,european articles,,,,,
27,praad,adm56/1/57,,region,month,nt,1907,12,,foreign territory to nt,cloth,pieces,16,european articles,,,,,
28,praad,adm56/1/57,,region,month,nt,1907,1,,foreign territory to nt,yarns,,200,european articles,,,,,
29,praad,adm56/1/57,,region,month,nt,1907,3,,foreign territory to nt,yarns,,10,european articles,,,,,
30,praad,adm56/1/57,,region,month,nt,1907,4,,foreign territory to nt,yarns,,105,european articles,,,,,
31,praad,adm56/1/57,,region,month,nt,1907,9,,foreign territory to nt,yarns,,2,european articles,,,,,
32,praad,adm56/1/57,,region,month,nt,1907,11,,foreign territory to nt,yarns,,1,european articles,,,,,
33,praad,adm56/1/57,,region,month,nt,1907,12,,foreign territory to nt,yarns,,11,european articles,,,,,
34,praad,adm56/1/57,,region,month,nt,1907,2,,foreign territory to nt,handkerchiefs,pieces,3,european articles,,,,,
35,praad,adm56/1/57,,region,month,nt,1907,4,,foreign territory to nt,handkerchiefs,pieces,23,european articles,,,,,
36,praad,adm56/1/57,,region,month,nt,1907,6,,foreign territory to nt,handkerchiefs,pieces,6,european articles,,,,,
37,praad,adm56/1/57,,region,month,nt,1907,8,,foreign territory to nt,handkerchiefs,pieces,5,european articles,,,,,
38,praad,adm56/1/57,,region,month,nt,1907,9,,foreign territory to nt,handkerchiefs,pieces,23,european articles,,,,,
39,praad,adm56/1/57,,region,month,nt,1907,10,,foreign territory to nt,handkerchiefs,pieces,79,european articles,,,,,
40,praad,adm56/1/57,,region,month,nt,1907,11,,foreign territory to nt,handkerchiefs,pieces,11,european articles,,,,,
41,praad,adm56/1/57,,region,month,nt,1907,12,,foreign territory to nt,handkerchiefs,pieces,16,european articles,,,,,
42,praad,adm56/1/57,,region,month,nt,1907,3,,foreign territory to nt,thread sewing reels,,10,european articles,,,,,
43,praad,adm56/1/57,,region,month,nt,1907,4,,foreign territory to nt,thread sewing reels,,56,european articles,,,,,
44,praad,adm56/1/57,,region,month,nt,1907,10,,foreign territory to nt,thread sewing reels,,2,european articles,,,,,
45,praad,adm56/1/57,,region,month,nt,1907,12,,foreign territory to nt,thread sewing reels,,21,european articles,,,,,
46,praad,adm56/1/57,,region,month,nt,1907,10,,foreign territory to nt,towel bath,,36,european articles,,,,,
47,praad,adm56/1/57,,region,month,nt,1907,2,,foreign territory to nt,castor oil,bottles,6,european articles,,,,,
48,praad,adm56/1/57,,region,month,nt,1907,3,,foreign territory to nt,mirror,,144,european articles,,,,,
49,praad,adm56/1/57,,region,month,nt,1907,4,,foreign territory to nt,mirror,,216,european articles,,,,,
50,praad,adm56/1/57,,region,month,nt,1907,6,,foreign territory to nt,mirror,,36,european articles,,,,,
51,praad,adm56/1/57,,region,month,nt,1907,7,,foreign territory to nt,mirror,,22,european articles,,,,,
52,praad,adm56/1/57,,region,month,nt,1907,8,,foreign territory to nt,mirror,,108,european articles,,,,,
53,praad,adm56/1/57,,region,month,nt,1907,11,,foreign territory to nt,mirror,,12,european articles,,,,,
54,praad,adm56/1/57,,region,month,nt,1907,12,,foreign territory to nt,mirror,,72,european articles,,,,,
55,praad,adm56/1/57,,region,month,nt,1907,12,,foreign territory to nt,pad locks,,11,european articles,,,,,
56,praad,adm56/1/57,,region,month,nt,1907,1,,foreign territory to nt,basins,,36,european articles,,,,,
57,praad,adm56/1/57,,region,month,nt,1907,3,,foreign territory to nt,basins,,120,european articles,,,,,
58,praad,adm56/1/57,,region,month,nt,1907,6,,foreign territory to nt,basins,,6,european articles,,,,,
59,praad,adm56/1/57,,region,month,nt,1907,7,,foreign territory to nt,basins,,48,european articles,,,,,
60,praad,adm56/1/57,,region,month,nt,1907,9,,foreign territory to nt,basins,,60,european articles,,,,,
61,praad,adm56/1/57,,region,month,nt,1907,12,,foreign territory to nt,basins,,135,european articles,,,,,
62,praad,adm56/1/57,,region,month,nt,1907,3,,foreign territory to nt,knives,,24,european articles,,,,,
63,praad,adm56/1/57,,region,month,nt,1907,10,,foreign territory to nt,knives,,2,european articles,,,,,
64,praad,adm56/1/57,,region,month,nt,1907,4,,foreign territory to nt,tin pans,,80,european articles,,,,,
65,praad,adm56/1/57,,region,month,nt,1907,6,,foreign territory to nt,ladels,,2,european articles,,,,,
66,praad,adm56/1/57,,region,month,nt,1907,10,,foreign territory to nt,ladels,,23,european articles,,,,,
67,praad,adm56/1/57,,region,month,nt,1907,10,,foreign territory to nt,spoons,,72,european articles,,,,,
68,praad,adm56/1/57,,region,month,nt,1907,2,,foreign territory to nt,scents,bottles,12,european articles,,,,,
69,praad,adm56/1/57,,region,month,nt,1907,3,,foreign territory to nt,scents,bottles,15,european articles,,,,,
70,praad,adm56/1/57,,region,month,nt,1907,11,,foreign territory to nt,scents,bottles,11,european articles,,,,,
71,praad,adm56/1/57,,region,month,nt,1907,2,,foreign territory to nt,soap toilet,,180,european articles,,,,,
72,praad,adm56/1/57,,region,month,nt,1907,10,,foreign territory to nt,soap toilet,,2,european articles,,,,,
73,praad,adm56/1/57,,region,month,nt,1907,11,,foreign territory to nt,soap toilet,,61,european articles,,,,,
74,praad,adm56/1/57,,region,month,nt,1907,2,,foreign territory to nt,pomade,bottles,12,european articles,,,,,
75,praad,adm56/1/57,,region,month,nt,1907,3,,foreign territory to nt,pomade,bottles,43,european articles,,,,,
76,praad,adm56/1/57,,region,month,nt,1907,4,,foreign territory to nt,pomade,bottles,24,european articles,,,,,
77,praad,adm56/1/57,,region,month,nt,1907,6,,foreign territory to nt,pomade,bottles,150,european articles,,,,,
78,praad,adm56/1/57,,region,month,nt,1907,7,,foreign territory to nt,pomade,bottles,50,european articles,,,,,
79,praad,adm56/1/57,,region,month,nt,1907,9,,foreign territory to nt,pomade,bottles,12,european articles,,,,,
80,praad,adm56/1/57,,region,month,nt,1907,11,,foreign territory to nt,pomade,bottles,25,european articles,,,,,
81,praad,adm56/1/57,,region,month,nt,1907,12,,foreign territory to nt,pomade,bottles,12,european articles,,,,,
82,praad,adm56/1/57,,region,month,nt,1907,2,,foreign territory to nt,hair oil,,6,european articles,,,,,
83,praad,adm56/1/57,,region,month,nt,1907,6,,foreign territory to nt,cloves,,2,european articles,,,,,
84,praad,adm56/1/57,,region,month,nt,1907,8,,foreign territory to nt,cloves,,1,european articles,,,,,
85,praad,adm56/1/57,,region,month,nt,1907,10,,foreign territory to nt,velvet,,1,european articles,,,,,
86,praad,adm56/1/57,,region,month,nt,1907,9,,foreign territory to nt,satin,pieces,5,european articles,,,,,
87,praad,adm56/1/57,,region,month,nt,1907,10,,foreign territory to nt,satin,pieces,14,european articles,,,,,
88,praad,adm56/1/57,,region,month,nt,1907,11,,foreign territory to nt,satin,pieces,2,european articles,,,,,
89,praad,adm56/1/57,,region,month,nt,1907,12,,foreign territory to nt,satin,pieces,12,european articles,,,,,
90,praad,adm56/1/57,,region,month,nt,1907,3,,foreign territory to nt,soap bars,,3,european articles,,,,,
91,praad,adm56/1/57,,region,month,nt,1907,3,,foreign territory to nt,sugar,,4,european articles,,,,,
92,praad,adm56/1/57,,region,month,nt,1907,4,,foreign territory to nt,sugar,,56,european articles,,,,,
93,praad,adm56/1/57,,region,month,nt,1907,6,,foreign territory to nt,sugar,,1,european articles,,,,,
94,praad,adm56/1/57,,region,month,nt,1907,7,,foreign territory to nt,sugar,,25,european articles,,,,,
95,praad,adm56/1/57,,region,month,nt,1907,9,,foreign territory to nt,sugar,,2,european articles,,,,,
96,praad,adm56/1/57,,region,month,nt,1907,11,,foreign territory to nt,sugar,,28,european articles,,,,,
97,praad,adm56/1/57,,region,month,nt,1907,12,,foreign territory to nt,sugar,,10,european articles,,,,,
98,praad,adm56/1/57,,region,month,nt,1907,12,,foreign territory to nt,umbrellas,,2,european articles,,,,,
99,praad,adm56/1/57,,region,month,nt,1907,1,,foreign territory to nt,blankets,,1,european articles,,,,,
100,praad,adm56/1/57,,region,month,nt,1907,2,,foreign territory to nt,blankets,,101,european articles,,,,,
101,praad,adm56/1/57,,region,month,nt,1907,3,,foreign territory to nt,wool knitting,,3,european articles,,,,,
102,praad,adm56/1/57,,region,month,nt,1907,6,,foreign territory to nt,wool knitting,,1,european articles,,,,,
103,praad,adm56/1/57,,region,month,nt,1907,8,,foreign territory to nt,wool knitting,,10,european articles,,,,,
104,praad,adm56/1/57,,region,month,nt,1907,9,,foreign territory to nt,wool knitting,,2,european articles,,,,,
105,praad,adm56/1/57,,region,month,nt,1907,12,,foreign territory to nt,wool knitting,,73,european articles,,,,,
106,praad,adm56/1/57,,region,month,nt,1907,3,,foreign territory to nt,pipes smoking,,24,european articles,,,,,
107,praad,adm56/1/57,,region,month,nt,1907,4,,foreign territory to nt,pipes smoking,,48,european articles,,,,,
108,praad,adm56/1/57,,region,month,nt,1907,6,,foreign territory to nt,pipes smoking,,130,european articles,,,,,
109,praad,adm56/1/57,,region,month,nt,1907,10,,foreign territory to nt,pipes smoking,,6,european articles,,,,,
110,praad,adm56/1/57,,region,month,nt,1907,11,,foreign territory to nt,pipes smoking,,60,european articles,,,,,
111,praad,adm56/1/57,,region,month,nt,1907,12,,foreign territory to nt,pipes smoking,,7,european articles,,,,,
112,praad,adm56/1/57,,region,month,nt,1907,3,,foreign territory to nt,jewellery,,24,european articles,,,,,
113,praad,adm56/1/57,,region,month,nt,1907,10,,foreign territory to nt,jewellery,,48,european articles,,,,,
114,praad,adm56/1/57,,region,month,nt,1907,11,,foreign territory to nt,jewellery,,1,european articles,,,,,
115,praad,adm56/1/57,,region,month,nt,1907,12,,foreign territory to nt,jewellery,,30,european articles,,,,,
116,praad,adm56/1/57,,region,month,nt,1907,4,,foreign territory to nt,matches,,23,european articles,,,,,
117,praad,adm56/1/57,,region,month,nt,1907,6,,foreign territory to nt,matches,,11,european articles,,,,,
118,praad,adm56/1/57,,region,month,nt,1907,7,,foreign territory to nt,matches,,18,european articles,,,,,
119,praad,adm56/1/57,,region,month,nt,1907,8,,foreign territory to nt,matches,,69,european articles,,,,,
120,praad,adm56/1/57,,region,month,nt,1907,9,,foreign territory to nt,matches,,306,european articles,,,,,
121,praad,adm56/1/57,,region,month,nt,1907,10,,foreign territory to nt,matches,,10,european articles,,,,,
122,praad,adm56/1/57,,region,month,nt,1907,11,,foreign territory to nt,matches,,35,european articles,,,,,
123,praad,adm56/1/57,,region,month,nt,1907,12,,foreign territory to nt,matches,,6,european articles,,,,,
124,praad,adm56/1/57,,region,month,nt,1907,10,,foreign territory to nt,toys,,12,european articles,,,,,
125,praad,adm56/1/57,,region,month,nt,1907,11,,foreign territory to nt,combs,,10,european articles,,,,,
126,praad,adm56/1/57,,region,month,nt,1907,4,,foreign territory to nt,tobacco,,3,european articles,,,,,
127,praad,adm56/1/57,,region,month,nt,1907,8,,foreign territory to nt,tobacco,,6,european articles,,,,,
128,praad,adm56/1/57,,region,month,nt,1907,10,,foreign territory to nt,tobacco,,4,european articles,,,,,
129,praad,adm56/1/57,,region,month,nt,1907,10,,foreign territory to nt,salt,,56,european articles,,,,,
